strategy,n,faithfulness_mean,faithfulness_std,faithfulness_n,completeness_mean,completeness_std,completeness_n,conciseness_mean,conciseness_std,conciseness_n,clarity_mean,clarity_std,clarity_n,overall_mean,overall_std,overall_n
dense_prose,20,4.6,0.5982430416161187,20,4.35,0.5871429486123998,20,4.7,0.47016234598162726,20,4.95,0.22360679774997894,20,4.6,0.5982430416161187,20
concise,20,4.6,0.8207826816681232,20,3.5,0.7608859102526822,20,4.95,0.22360679774997894,20,4.95,0.22360679774997894,20,4.15,0.8127277008872491,20
bullet_points,20,4.5,0.6069769786668839,20,4.3,0.5712405705774793,20,4.95,0.22360679774997894,20,5.0,0.0,20,4.55,0.6048053188292994,20
structured_sections,20,4.75,0.5501196042201808,20,4.3,0.47016234598162726,20,4.95,0.22360679774997894,20,5.0,0.0,20,4.85,0.48936048492959283,20
progressive_hierarchy,20,4.8,0.6958523739384594,20,4.5,0.6069769786668839,20,4.85,0.4893604849295929,20,4.95,0.22360679774997894,20,4.85,0.670820393249937,20
formal_technical,20,4.8,0.41039134083406165,20,4.4,0.5026246899500346,20,4.4,0.5026246899500346,20,5.0,0.0,20,4.7,0.47016234598162726,20
conversational,20,4.5,0.7608859102526822,20,4.3,0.47016234598162726,20,4.15,0.5871429486123998,20,5.0,0.0,20,4.4,0.5982430416161189,20
